{"cameraMode":{"drawMode":0,"name":"Shaded","section":"Shading Mode"},"sceneLighting":false,"audioPlay":false,"sceneViewState":{"m_AlwaysRefresh":false,"showFog":false,"showSkybox":false,"showFlares":false,"showImageEffects":false,"showParticleSystems":false,"showVisualEffectGraphs":true,"m_FxEnabled":false},"in2DMode":false,"pivot":{"x":0.0027595162391662599,"y":-0.002466440200805664,"z":-0.002113521099090576},"rotation":{"x":0.0034895881544798614,"y":0.8575965166091919,"z":-0.00840681977570057,"w":0.5151023268699646},"size":1.1847373247146607,"orthographic":false}