{"cameraMode":{"drawMode":0,"name":"Shaded","section":"Shading Mode"},"sceneLighting":false,"audioPlay":false,"sceneViewState":{"m_AlwaysRefresh":false,"showFog":true,"showSkybox":false,"showFlares":true,"showImageEffects":true,"showParticleSystems":true,"showVisualEffectGraphs":true,"m_FxEnabled":false},"in2DMode":false,"pivot":{"x":8.940696716308594e-8,"y":0.0007506608963012695,"z":0.002403050661087036},"rotation":{"x":-0.02546609379351139,"y":-0.9683648347854614,"z":0.21004538238048554,"w":-0.13747651875019074},"size":0.6545668840408325,"orthographic":false}