{"cameraMode":{"drawMode":0,"name":"Shaded","section":"Shading Mode"},"sceneLighting":false,"audioPlay":false,"sceneViewState":{"m_AlwaysRefresh":false,"showFog":true,"showSkybox":false,"showFlares":true,"showImageEffects":true,"showParticleSystems":true,"showVisualEffectGraphs":true,"m_FxEnabled":false},"in2DMode":false,"pivot":{"x":-0.19605407118797303,"y":0.9060154557228088,"z":1.5662137269973755},"rotation":{"x":-0.026580430567264558,"y":-0.8445985913276672,"z":0.042102914303541186,"w":-0.5331488251686096},"size":2.601442575454712,"orthographic":false}