{"cameraMode":{"drawMode":0,"name":"Shaded","section":"Shading Mode"},"sceneLighting":false,"audioPlay":false,"sceneViewState":{"m_AlwaysRefresh":false,"showFog":true,"showSkybox":false,"showFlares":true,"showImageEffects":true,"showParticleSystems":true,"showVisualEffectGraphs":true,"m_FxEnabled":false},"in2DMode":false,"pivot":{"x":0.4289475083351135,"y":0.5834789872169495,"z":0.19320404529571534},"rotation":{"x":-0.0026947506703436376,"y":0.7681891918182373,"z":0.00029256189009174705,"w":-0.6411242485046387},"size":0.4197958707809448,"orthographic":false}