{"cameraMode":{"drawMode":0,"name":"Shaded","section":"Shading Mode"},"sceneLighting":false,"audioPlay":false,"sceneViewState":{"m_AlwaysRefresh":false,"showFog":true,"showSkybox":false,"showFlares":true,"showImageEffects":true,"showParticleSystems":true,"showVisualEffectGraphs":true,"m_FxEnabled":false},"in2DMode":false,"pivot":{"x":0.22922348976135255,"y":4.058228969573975,"z":0.16745078563690186},"rotation":{"x":-0.4090827703475952,"y":-0.14671243727207185,"z":0.06887700408697128,"w":-0.8986321091651917},"size":5.086106777191162,"orthographic":false}