{"cameraMode":{"drawMode":0,"name":"Shaded","section":"Shading Mode"},"sceneLighting":false,"audioPlay":false,"sceneViewState":{"m_AlwaysRefresh":false,"showFog":true,"showSkybox":false,"showFlares":true,"showImageEffects":true,"showParticleSystems":true,"showVisualEffectGraphs":true,"m_FxEnabled":false},"in2DMode":false,"pivot":{"x":0.03280067443847656,"y":3.989776134490967,"z":0.019495010375976564},"rotation":{"x":-0.22574229538440705,"y":-0.05138709768652916,"z":0.013882347382605076,"w":-0.9733273386955261},"size":5.048670768737793,"orthographic":false}