{"cameraMode":{"drawMode":0,"name":"Shaded","section":"Shading Mode"},"sceneLighting":false,"audioPlay":false,"sceneViewState":{"m_AlwaysRefresh":false,"showFog":true,"showSkybox":false,"showFlares":true,"showImageEffects":true,"showParticleSystems":true,"showVisualEffectGraphs":true,"m_FxEnabled":false},"in2DMode":false,"pivot":{"x":-0.4049568176269531,"y":0.176899254322052,"z":-0.0008339881896972656},"rotation":{"x":-0.4090827703475952,"y":-0.14671243727207185,"z":0.06887700408697128,"w":-0.8986321091651917},"size":2.3350026607513429,"orthographic":false}