{"cameraMode":{"drawMode":0,"name":"Shaded","section":"Shading Mode"},"sceneLighting":false,"audioPlay":false,"sceneViewState":{"m_AlwaysRefresh":false,"showFog":true,"showSkybox":false,"showFlares":true,"showImageEffects":true,"showParticleSystems":true,"showVisualEffectGraphs":true,"m_FxEnabled":false},"in2DMode":false,"pivot":{"x":-0.10488748550415039,"y":0.24180853366851808,"z":-0.21317121386528016},"rotation":{"x":-0.3580814003944397,"y":-0.0027669465634971859,"z":0.003094105515629053,"w":-0.934299647808075},"size":1.8436903953552247,"orthographic":false}