{"cameraMode":{"drawMode":0,"name":"Shaded","section":"Shading Mode"},"sceneLighting":false,"audioPlay":false,"sceneViewState":{"m_AlwaysRefresh":false,"showFog":true,"showSkybox":false,"showFlares":true,"showImageEffects":true,"showParticleSystems":true,"showVisualEffectGraphs":true,"m_FxEnabled":false},"in2DMode":false,"pivot":{"x":-12.174983024597168,"y":1.5690103769302369,"z":6.004876613616943},"rotation":{"x":-0.02546609379351139,"y":-0.9683648347854614,"z":0.21004538238048554,"w":-0.13747651875019074},"size":0.7458364963531494,"orthographic":false}