{"cameraMode":{"drawMode":0,"name":"Shaded","section":"Shading Mode"},"sceneLighting":true,"audioPlay":false,"sceneViewState":{"m_AlwaysRefresh":false,"showFog":true,"showSkybox":false,"showFlares":true,"showImageEffects":true,"showParticleSystems":true,"showVisualEffectGraphs":true,"m_FxEnabled":false},"in2DMode":false,"pivot":{"x":-0.17157047986984254,"y":-319.7152404785156,"z":371.2892150878906},"rotation":{"x":-0.33143094182014468,"y":0.00026290726964361966,"z":-0.00010102558735525236,"w":-0.9435087442398071},"size":274.2301025390625,"orthographic":false}