{"cameraMode":{"drawMode":0,"name":"Shaded","section":"Shading Mode"},"sceneLighting":false,"audioPlay":false,"sceneViewState":{"m_AlwaysRefresh":false,"showFog":true,"showSkybox":false,"showFlares":true,"showImageEffects":true,"showParticleSystems":true,"showVisualEffectGraphs":true,"m_FxEnabled":false},"in2DMode":false,"pivot":{"x":-0.09465174376964569,"y":0.32192307710647585,"z":0.8053337335586548},"rotation":{"x":-0.11500097066164017,"y":0.09334655851125717,"z":-0.008707631379365921,"w":-0.9895174503326416},"size":1.55287504196167,"orthographic":false}